timestamp,cpu_load,memory_usage,disk_io,network_io,prediction
2025-10-21 21:29:02.730108,42.04,66.97,262.98,100.69,52.132422995209744
2025-10-21 21:29:03.730107,42.22,42.21,293.53,93.37,48.866715838363326
2025-10-21 21:29:04.730107,75.38,98.81,242.7,112.02,55.99718236532201
2025-10-21 21:29:05.730106,22.29,94.19,164.46,70.62,56.619388902894435
2025-10-21 21:29:06.730106,64.91,96.11,67.41,146.81,59.20658919568364
2025-10-21 21:29:07.730106,72.11,83.85,214.16,57.42,54.49641814862054
2025-10-21 21:29:08.730105,74.75,44.12,189.92,135.68,51.30853640608643
2025-10-21 21:29:09.730105,15.89,29.18,136.64,112.48,50.510826681209224
2025-10-21 21:29:10.730104,81.56,49.01,214.75,15.78,50.43627614124555
2025-10-21 21:29:11.730104,50.49,44.42,143.2,123.28,52.10337444733121
2025-10-21 21:29:12.730103,34.44,52.36,111.17,101.46,53.370716017378335
2025-10-21 21:29:13.730103,57.13,66.5,108.04,127.27,55.14144202058236
2025-10-21 21:29:14.730103,24.8,45.26,280.6,100.3,49.484845489323796
2025-10-21 21:29:15.730102,83.87,35.4,177.61,26.72,49.75075746808639
2025-10-21 21:29:16.730102,20.25,50.5,261.74,93.89,50.341806324834096
2025-10-21 21:29:17.730101,66.56,96.62,95.82,129.08,58.59957697303747
2025-10-21 21:29:18.730101,25.05,70.21,281.85,132.31,52.37879378252195
2025-10-21 21:29:19.730100,71.99,60.78,148.24,64.39,53.29843119379234
2025-10-21 21:29:20.730100,48.48,59.74,250.07,147.79,51.96574088405962
2025-10-21 21:29:21.730100,67.2,28.18,196.61,102.11,49.219216293378885
2025-10-21 21:29:22.730099,11.22,81.35,292.89,88.47,53.023274788829745
2025-10-21 21:29:23.730099,58.11,68.79,134.69,127.39,54.896692468796
2025-10-21 21:29:24.730098,94.11,88.21,52.65,66.36,58.00456019605578
2025-10-21 21:29:25.730098,76.81,32.52,219.58,70.97,49.01674635909785
2025-10-21 21:29:26.730097,61.15,94.59,246.91,70.79,55.14616167305243
2025-10-21 21:29:27.730097,35.81,37.14,228.76,133.65,49.831901287990796
2025-10-21 21:29:28.730097,19.84,69.2,88.26,106.56,55.63200467417727
2025-10-21 21:29:29.730096,76.0,37.5,289.45,64.66,48.21382513956297
2025-10-21 21:29:30.730096,79.05,98.03,90.05,123.2,58.81045805772918
2025-10-21 21:29:31.730095,81.17,93.6,88.95,146.19,58.537085881115054
2025-10-21 21:29:32.730095,76.36,60.39,131.48,71.98,53.62455419742957
2025-10-21 21:29:33.730094,14.99,47.78,110.71,141.14,53.20009558417808
2025-10-21 21:29:34.730094,54.99,34.98,211.79,48.32,49.24583376242016
2025-10-21 21:29:35.730094,81.16,72.83,163.6,144.98,54.93404760844899
2025-10-21 21:29:36.730093,62.93,72.61,261.74,75.81,52.56339224226076
2025-10-21 21:29:37.730093,41.7,91.28,216.23,50.35,55.19710393516419
2025-10-21 21:29:38.730092,42.67,67.65,146.69,111.31,54.42823214806052
2025-10-21 21:29:39.730092,38.17,60.62,82.59,128.86,54.99380154451627
2025-10-21 21:29:40.730091,37.6,85.81,261.62,41.06,53.70452016966057
2025-10-21 21:29:41.730091,84.11,71.77,133.75,101.45,55.0295596341234
2025-10-21 21:29:42.730091,81.29,93.89,283.53,51.84,54.249199599088925
2025-10-21 21:29:43.730090,61.19,48.32,233.78,103.76,50.70056857613198
2025-10-21 21:29:44.730090,19.21,37.79,287.69,48.42,48.150167288236744
2025-10-21 21:29:45.730089,58.83,90.06,63.66,102.75,58.2843337976866
2025-10-21 21:29:46.730089,75.25,64.54,250.48,30.33,51.55234453299801
2025-10-21 21:29:47.730088,31.65,94.73,125.8,111.97,57.71202096738132
2025-10-21 21:29:48.730088,93.95,60.73,157.96,100.61,53.39755078412899
2025-10-21 21:29:49.730088,31.67,77.02,87.9,25.22,55.8380987721759
2025-10-21 21:29:50.730087,78.03,80.61,266.25,133.0,53.782781079467426
2025-10-21 21:29:51.730087,48.77,25.51,283.91,103.77,47.34028330847309
2025-10-21 21:29:52.730086,60.5,77.96,149.55,116.33,55.51675802563382
2025-10-21 21:29:53.730086,16.97,56.84,245.32,12.38,50.683942904904086
2025-10-21 21:29:54.730085,69.92,31.7,205.14,131.66,49.66960378205987
2025-10-21 21:29:55.730085,71.07,58.68,170.07,113.55,53.0568240685048
2025-10-21 21:29:56.730085,12.86,40.56,85.3,75.82,52.3850888256066
2025-10-21 21:29:57.730084,65.61,68.77,77.85,105.64,55.77042397099014
2025-10-21 21:29:58.730084,72.58,85.88,229.28,13.67,54.092882899291176
2025-10-21 21:29:59.730083,55.53,94.29,200.97,69.83,55.95201186321186
2025-10-21 21:30:00.730083,54.44,56.09,200.2,124.41,52.31049560692492
2025-10-21 21:30:01.730082,19.16,58.42,79.77,50.99,54.20141731480511
2025-10-21 21:30:02.730082,91.74,70.51,206.29,12.18,52.86162793540472
2025-10-21 21:30:03.730082,48.77,22.83,229.03,33.99,47.517931959219105
2025-10-21 21:30:04.730081,78.54,49.62,251.86,114.4,50.59001857274455
2025-10-21 21:30:05.730081,24.68,48.28,126.55,78.16,52.469360115536226
2025-10-21 21:30:06.730080,80.66,65.07,152.72,29.79,53.403817921002165
2025-10-21 21:30:07.730080,80.17,93.32,255.35,111.53,55.173807117704854
2025-10-21 21:30:08.730079,76.96,98.28,144.43,70.91,57.427386068739224
2025-10-21 21:30:09.730079,80.11,94.79,247.96,129.37,55.606467638121956
2025-10-21 21:30:10.730079,93.31,50.67,199.69,109.6,51.624760884635414
2025-10-21 21:30:11.730078,94.77,70.82,287.74,20.2,51.45859284620047
2025-10-21 21:30:12.730078,72.49,23.01,88.51,109.18,50.711313806966075
2025-10-21 21:30:13.730077,22.68,62.64,107.06,34.08,54.01793940537878
2025-10-21 21:30:14.730077,17.66,89.58,95.1,16.42,56.97911715879527
2025-10-21 21:30:15.730076,43.24,40.84,53.07,113.15,53.30015624311841
2025-10-21 21:30:16.730076,78.51,92.84,89.32,48.12,57.68187924342306
2025-10-21 21:30:17.730076,34.15,90.59,98.55,38.97,57.19997391110979
2025-10-21 21:30:18.730075,24.0,43.7,234.05,56.56,49.832602977574695
2025-10-21 21:30:19.730075,86.69,37.57,73.79,134.57,52.73693000140541
2025-10-21 21:30:20.730074,50.52,45.41,269.15,48.44,49.305903213665395
2025-10-21 21:30:21.730074,89.62,53.54,71.94,18.76,53.57183219583735
2025-10-21 21:30:22.730072,58.85,61.35,198.72,47.59,52.2989577651402
2025-10-21 21:30:23.730072,51.17,77.29,106.17,117.26,56.250738073408186
2025-10-21 21:30:24.730071,49.71,22.93,251.12,54.42,47.28192036253595
2025-10-21 21:30:25.730071,51.49,27.29,163.64,40.25,49.24692369951723
2025-10-21 21:30:26.730070,13.24,24.43,147.17,67.32,49.456113266364426
2025-10-21 21:30:27.730070,87.8,86.13,189.91,123.69,55.70477175720337
2025-10-21 21:30:28.730069,84.12,39.05,109.41,143.47,52.30922175168495
2025-10-21 21:30:29.730069,40.48,28.18,214.22,87.26,48.77897664984877
2025-10-21 21:30:30.730069,89.66,95.7,238.09,41.24,55.19594518104375
2025-10-21 21:30:31.730068,80.56,24.08,179.83,112.19,49.16867726230751
2025-10-21 21:30:32.730068,54.98,40.01,292.81,127.25,48.90987248023641
2025-10-21 21:30:33.730067,50.54,96.78,125.09,116.08,57.9763332746275
2025-10-21 21:30:34.730067,14.26,44.39,268.01,30.12,49.07455735412756
2025-10-21 21:30:35.730066,80.55,32.29,200.54,28.32,49.008915331646705
2025-10-21 21:30:36.730066,79.09,86.0,89.48,67.97,57.10318603233098
2025-10-21 21:30:37.730065,64.94,61.48,269.44,46.41,51.0021778128945
2025-10-21 21:30:38.730065,78.83,84.68,183.4,67.77,55.23215868211768
2025-10-21 21:30:39.730065,26.98,88.06,162.76,24.23,55.632630911726245
2025-10-21 21:30:40.730064,22.02,39.29,109.23,149.89,52.388406131151555
2025-10-21 21:30:41.730064,36.98,80.82,90.06,38.56,56.30883104552335
2025-10-21 21:30:42.730063,40.95,96.34,64.51,112.27,59.01434254985792
2025-10-21 21:30:43.730063,48.22,61.29,189.55,84.4,52.74925207808468
2025-10-21 21:30:44.730062,52.18,40.17,262.67,102.55,49.288411012470974
2025-10-21 21:30:45.730062,21.36,31.46,278.11,144.01,48.39771476364645
2025-10-21 21:30:46.730062,10.09,69.18,182.41,23.57,53.24804173089919
2025-10-21 21:30:47.730061,29.99,23.46,180.71,42.46,48.540743109506344
2025-10-21 21:30:48.730061,79.41,62.13,104.83,13.5,53.843479825244266
2025-10-21 21:30:49.730060,35.6,25.7,248.48,149.39,48.369470920540465
2025-10-21 21:30:50.730060,25.77,51.13,201.05,121.25,51.74003037587042
2025-10-21 21:30:51.730059,52.06,70.5,61.02,37.66,55.73325012063587
2025-10-21 21:30:52.730059,58.92,97.34,68.42,12.86,58.27160885416656
2025-10-21 21:30:53.730059,52.93,49.96,267.7,25.99,49.643251755594
2025-10-21 21:30:54.730058,77.51,59.52,283.76,130.54,51.18729778369267
2025-10-21 21:30:55.730058,35.22,74.02,199.11,44.24,53.61968896124444
2025-10-21 21:30:56.730057,21.34,29.66,112.97,47.82,50.491904507607174
2025-10-21 21:30:57.730057,26.62,20.49,210.73,94.76,48.079998874004445
2025-10-21 21:30:58.730056,26.46,22.19,161.0,80.32,49.063896799130795
2025-10-21 21:30:59.730056,31.87,76.45,230.96,95.42,53.69363469358086
2025-10-21 21:31:00.730056,67.31,53.65,222.36,142.23,51.78131445496302
2025-10-21 21:31:01.730055,38.98,47.61,90.19,20.27,52.614021625879225
2025-10-21 21:31:02.730055,84.32,70.64,162.39,110.67,54.45386048322113
2025-10-21 21:31:03.730054,33.71,73.4,168.1,123.3,54.74255818941261
2025-10-21 21:31:04.730054,34.34,21.14,144.01,70.54,49.18783422765159
2025-10-21 21:31:05.730053,79.39,67.64,251.9,37.22,51.9114254898614
2025-10-21 21:31:06.730053,87.08,97.64,119.08,40.5,57.5876072702867
2025-10-21 21:31:07.730053,32.35,95.38,239.71,53.43,55.22729121658608
2025-10-21 21:31:08.730052,26.63,60.94,171.43,36.47,52.67036158446801
2025-10-21 21:31:09.730052,23.33,29.42,289.57,92.39,47.56498512105106
2025-10-21 21:31:10.730051,48.63,70.86,233.52,63.9,52.80251734044414
2025-10-21 21:31:11.730051,71.95,82.51,173.61,69.8,55.19628162518462
2025-10-21 21:31:12.730050,91.06,41.86,64.71,107.43,53.150215456050745
2025-10-21 21:31:13.730050,85.85,60.44,222.94,26.61,51.59186591877009
2025-10-21 21:31:14.730050,52.49,53.83,229.55,107.89,51.399604745556815
2025-10-21 21:31:15.730049,68.09,85.37,91.53,148.18,57.625587450557965
2025-10-21 21:31:16.730049,29.05,81.44,219.71,11.69,53.77898051612394
2025-10-21 21:31:17.730048,48.91,66.75,140.3,61.14,54.057172863932735
2025-10-21 21:31:18.730048,82.59,37.39,140.48,13.83,50.54589976934107
2025-10-21 21:31:19.730047,37.89,53.83,56.34,99.27,54.519714676678284
2025-10-21 21:31:20.730047,23.29,65.23,205.48,70.7,52.770015179100646
2025-10-21 21:31:21.730047,27.04,68.7,262.64,101.15,52.32717322561115
2025-10-21 21:31:22.730046,25.3,40.26,171.87,119.93,51.104958703167895
2025-10-21 21:31:23.730046,12.43,75.29,117.18,16.07,55.04279348601858
2025-10-21 21:31:24.730045,83.06,62.43,121.07,100.28,54.25553559395313
2025-10-21 21:31:25.730045,25.75,43.76,152.64,130.0,51.91168303808107
2025-10-21 21:31:26.730044,80.13,38.4,182.98,58.0,50.21725560902708
2025-10-21 21:31:27.730044,17.16,38.24,209.4,86.12,49.93392896619983
2025-10-21 21:31:28.730044,51.99,74.43,148.46,36.14,54.53224376645976
2025-10-21 21:31:29.730043,93.33,39.51,299.43,60.68,48.21385130685735
2025-10-21 21:31:30.730043,44.28,90.3,145.85,31.57,56.24064157812793
2025-10-21 21:31:31.730042,66.44,56.54,84.43,45.29,53.87014488213683
2025-10-21 21:31:32.730042,44.91,32.14,92.03,100.69,51.55589594422236
2025-10-21 21:31:33.730042,11.95,81.68,162.17,149.96,55.94516997776354
2025-10-21 21:31:34.730041,76.13,50.34,280.35,40.16,49.56191726802791
2025-10-21 21:31:35.730041,76.25,91.04,75.63,116.74,58.27823048112468
2025-10-21 21:31:36.730040,17.73,83.66,148.79,31.26,55.47445820827277
2025-10-21 21:31:37.730040,81.3,64.22,77.64,30.0,54.69629541854505
2025-10-21 21:31:38.730039,12.76,42.28,210.29,15.14,49.79407287766637
2025-10-21 21:31:39.730039,85.58,21.02,88.26,148.98,50.81457541721601
2025-10-21 21:31:40.730039,53.47,81.18,212.97,89.5,54.48391167830204
2025-10-21 21:31:41.730038,58.38,24.78,247.23,97.81,47.89065394470799
2025-10-21 21:31:42.730038,47.74,87.71,168.94,35.71,55.57129998806615
2025-10-21 21:31:43.730037,16.58,42.03,246.0,76.84,49.592852058863016
2025-10-21 21:31:44.730037,61.93,44.89,64.08,29.47,52.875784723745355
2025-10-21 21:31:45.730036,64.34,59.84,242.75,93.61,51.6873027760357
2025-10-21 21:31:46.730036,94.32,95.58,268.58,87.07,54.980534348288415
2025-10-21 21:31:47.730036,71.39,98.37,120.45,112.94,58.20709105454334
2025-10-21 21:31:48.730035,55.3,95.11,135.54,124.45,57.6710181416507
2025-10-21 21:31:49.730035,80.52,20.47,197.28,55.17,48.01567777691989
2025-10-21 21:31:50.730034,41.39,88.83,176.17,26.94,55.489343691273625
2025-10-21 21:31:51.730034,93.1,30.36,254.41,44.19,47.935435054895976
2025-10-21 21:31:52.730034,13.71,29.11,123.76,73.05,50.43192386252057
2025-10-21 21:31:53.730033,52.89,56.88,154.93,103.54,53.06476044767875
2025-10-21 21:31:54.730033,64.18,96.32,104.45,48.34,57.777093733677276
2025-10-21 21:31:55.730032,81.67,64.5,186.5,140.12,53.58433209378848
2025-10-21 21:31:56.730032,22.92,82.07,233.0,144.11,54.63762138133426
2025-10-21 21:31:57.730031,79.11,52.25,245.3,87.35,50.78021956521534
2025-10-21 21:31:58.730031,86.61,62.51,240.21,52.51,51.697890782346455
2025-10-21 21:31:59.730031,63.16,73.46,176.82,47.87,53.99843246504186
2025-10-21 21:32:00.730030,22.81,46.2,295.36,135.21,49.58677432650932
2025-10-21 21:32:01.730030,92.94,92.07,50.3,128.5,58.94644917572897
2025-10-21 21:32:02.730029,39.77,44.34,250.64,12.0,49.247122153651254
2025-10-21 21:32:03.730029,27.04,44.73,113.01,119.98,52.66627023084817
2025-10-21 21:32:04.730028,94.03,72.33,290.87,22.8,51.58271344536564
2025-10-21 21:32:05.730028,82.48,28.76,262.22,68.09,47.807671018120786
2025-10-21 21:32:06.730028,50.39,78.12,270.66,142.51,53.50989845629236
2025-10-21 21:32:07.730027,60.01,74.64,246.46,28.99,52.695285129043725
2025-10-21 21:32:08.730027,21.08,47.97,88.92,10.16,52.59678086555313
2025-10-21 21:32:09.730026,45.57,74.15,146.92,61.1,54.725913412485006
2025-10-21 21:32:10.730026,11.03,29.15,173.93,91.0,49.65335000671017
2025-10-21 21:32:11.730026,12.47,56.41,110.45,80.76,53.65488245220149
2025-10-21 21:32:12.730025,19.04,35.92,293.55,122.4,48.421192994206436
2025-10-21 21:32:13.730025,11.65,36.04,115.2,49.6,51.146657324651564
2025-10-21 21:32:14.730024,43.2,22.84,148.81,79.89,49.354331814177904
2025-10-21 21:32:15.730024,94.91,42.28,240.73,47.41,49.48633145480236
2025-10-21 21:32:16.730023,81.86,43.58,110.38,129.17,52.663653108507454
2025-10-21 21:32:17.730023,46.97,58.07,71.32,55.38,54.35385579214369
2025-10-21 21:32:18.730023,10.13,71.49,53.97,77.12,56.27748015984431
2025-10-21 21:32:19.730022,58.81,21.58,165.04,87.17,48.977941012312584
2025-10-21 21:32:20.730022,80.68,79.82,123.98,148.01,56.43392833307762
2025-10-21 21:32:21.730021,68.33,94.71,76.19,81.43,58.38393900590299
2025-10-21 21:32:22.730021,22.06,43.15,209.55,103.51,50.59196467106039
2025-10-21 21:32:23.730020,32.24,20.83,174.81,80.01,48.66197881767475
2025-10-21 21:32:24.730020,43.27,43.59,77.53,82.33,52.902837202157436
2025-10-21 21:32:25.730020,79.63,38.61,68.26,68.71,52.434644926630924
2025-10-21 21:32:26.730019,77.93,75.19,201.33,101.93,54.15517086513304
2025-10-21 21:32:27.730019,80.76,40.9,243.49,140.76,50.01830045852369
2025-10-21 21:32:28.730018,38.25,85.26,290.67,119.44,53.724281650441284
2025-10-21 21:32:29.730018,34.84,38.04,54.85,122.08,53.03800425877762
2025-10-21 21:32:30.730017,10.16,64.36,172.01,66.31,53.25863201325188
2025-10-21 21:32:31.730017,27.07,62.4,245.66,23.68,51.360311010032476
2025-10-21 21:32:32.730016,12.73,94.4,279.7,114.2,54.862012271204755
2025-10-21 21:32:33.730016,57.24,34.71,233.51,51.22,48.83995527932739
2025-10-21 21:32:34.730016,37.13,61.18,264.82,35.63,50.97080716096553
2025-10-21 21:32:35.730015,87.1,93.37,158.8,16.95,56.21606620879603
2025-10-21 21:32:36.730015,38.08,96.34,108.09,68.36,57.86885565237671
2025-10-21 21:32:37.730014,38.72,89.04,266.38,80.4,54.269876346438096
2025-10-21 21:32:38.730014,76.75,83.5,275.84,27.32,53.088466349576734
2025-10-21 21:32:39.730013,43.57,92.13,166.23,33.35,56.07510020318389
2025-10-21 21:32:40.730013,74.21,77.21,198.05,93.87,54.36836973752779
2025-10-21 21:32:41.730013,74.07,98.5,242.55,67.61,55.61940524963658
2025-10-21 21:32:42.730012,92.6,78.04,174.12,61.97,54.647910387150496
2025-10-21 21:32:43.730012,58.8,70.87,250.21,87.45,52.680668648396285
2025-10-21 21:32:44.730011,34.36,89.57,204.51,131.45,55.86444783714196
2025-10-21 21:32:45.730011,68.88,72.18,148.43,14.55,54.123433586201266
2025-10-21 21:32:46.730010,90.96,29.48,224.98,68.36,48.572052288898774
2025-10-21 21:32:47.730010,56.37,76.96,198.98,108.62,54.439921080753145
2025-10-21 21:32:48.730010,20.45,66.73,276.7,70.13,51.615225316855806
2025-10-21 21:32:49.730009,37.29,83.38,207.69,103.35,54.92454902461583
2025-10-21 21:32:50.730009,63.27,36.21,186.16,85.66,50.14105306311343
2025-10-21 21:32:51.730008,50.13,85.32,135.11,70.13,56.20768981249331
2025-10-21 21:32:52.730008,63.32,50.01,84.42,32.96,53.07597711924939
2025-10-21 21:32:53.730007,75.32,96.43,183.78,65.52,56.4633532895862
2025-10-21 21:32:54.730007,38.58,32.38,149.81,52.95,50.14477910631931
2025-10-21 21:32:55.730007,76.55,90.87,249.1,99.83,54.935453458275276
2025-10-21 21:32:56.730006,41.36,63.12,249.44,48.34,51.560606813644974
2025-10-21 21:32:57.730006,28.58,79.07,252.08,65.4,53.35014518896532
2025-10-21 21:32:58.730005,87.11,33.19,246.18,53.35,48.46100372603133
2025-10-21 21:32:59.730005,67.03,76.95,266.0,102.66,53.15887623827809
2025-10-21 21:33:00.730004,85.37,62.42,60.02,105.29,55.41714689786531
2025-10-21 21:33:01.730004,43.29,40.52,296.37,138.28,48.98514961348056
2025-10-21 21:33:02.730004,87.4,23.2,220.37,22.93,47.63032476759595
2025-10-21 21:33:03.730003,93.12,26.28,274.53,101.08,47.57415235102705
2025-10-21 21:33:04.730003,77.54,65.79,180.6,72.51,53.30188522434663
2025-10-21 21:33:05.730002,27.57,81.8,129.41,114.12,56.28050383706845
2025-10-21 21:33:06.730002,30.15,94.26,269.61,47.04,54.50736100958846
2025-10-21 21:33:07.730001,89.42,27.28,58.14,57.8,51.32463421848429
2025-10-21 21:33:08.730001,50.4,98.93,221.19,130.82,56.55291750166458
2025-10-21 21:33:09.730000,47.8,41.63,286.65,61.5,48.68202950870503
2025-10-21 21:33:10.730000,64.88,80.03,232.88,111.92,54.1699907188786
2025-10-21 21:33:11.730000,58.31,25.0,178.44,49.48,48.80202119895531
2025-10-21 21:33:12.729999,44.08,91.33,112.92,103.29,57.51777028678294
2025-10-21 21:33:13.729999,34.28,20.59,273.9,85.03,46.852069390460514
2025-10-21 21:33:14.729998,66.57,30.19,93.33,44.69,50.88549370003815
2025-10-21 21:33:15.729998,72.99,65.26,297.57,115.14,51.426152286962775
2025-10-21 21:33:16.729997,39.36,61.01,185.66,117.68,53.05125306318861
2025-10-21 21:33:17.729997,80.77,80.65,210.35,132.77,54.81397101981581
2025-10-21 21:33:18.729996,15.14,38.56,265.59,149.04,49.42628248303063
2025-10-21 21:33:19.729996,64.71,35.58,75.65,82.11,52.07963954365065
2025-10-21 21:33:20.729996,43.71,62.01,169.12,109.92,53.40180615860978
2025-10-21 21:33:21.729995,87.88,69.03,57.42,105.12,56.17011216539735
2025-10-21 21:33:22.729995,19.99,52.58,261.2,28.97,50.066195490333236
2025-10-21 21:33:23.729994,38.67,26.16,184.41,46.69,48.79430714451132
2025-10-21 21:33:24.729994,76.84,62.81,125.47,30.62,53.67024696075724
2025-10-21 21:33:25.729993,17.78,57.63,194.4,41.05,51.929719854752804
2025-10-21 21:33:26.729993,15.36,44.13,199.65,57.46,50.51865478354111
2025-10-21 21:33:27.729992,11.71,73.88,276.02,17.0,51.976279971844335
2025-10-21 21:33:28.729992,33.67,22.07,254.41,129.97,47.72046718588047
2025-10-21 21:33:29.729992,66.23,40.69,73.65,45.98,52.37994543027666
2025-10-21 21:33:30.729991,68.55,27.82,223.91,89.26,48.577824100874906
2025-10-21 21:33:31.729991,74.75,54.85,291.17,123.43,50.496204736248906
2025-10-21 21:33:32.729990,41.46,33.15,173.49,57.84,49.82954905267309
2025-10-21 21:33:33.729990,28.8,86.22,136.5,149.34,56.89793407499397
2025-10-21 21:33:34.729989,31.71,23.53,90.33,113.61,50.76805067808091
2025-10-21 21:33:35.729989,49.66,51.77,285.22,48.12,49.68739668746559
2025-10-21 21:33:36.729988,55.44,20.35,271.42,27.1,46.418889097572006
2025-10-21 21:33:37.729988,39.0,88.4,184.67,104.99,55.89752542112483
2025-10-21 21:33:38.729988,55.05,33.3,278.23,128.35,48.46965413076943
2025-10-21 21:33:39.729987,86.49,95.45,205.18,48.66,55.83290544605988
2025-10-21 21:33:40.729987,90.02,45.27,182.23,41.3,50.83465421927443
2025-10-21 21:33:41.729986,12.72,58.27,253.36,72.4,51.15833531620615
2025-10-21 21:33:42.729986,77.51,75.6,235.01,55.0,53.21206572406918
2025-10-21 21:33:43.729985,72.5,68.57,221.48,89.73,52.98140165774888
2025-10-21 21:33:44.729985,51.29,37.19,154.27,90.67,50.871846842900155
2025-10-21 21:33:45.729985,45.99,96.17,157.2,71.76,56.97352455888888
2025-10-21 21:33:46.729984,59.63,79.12,192.09,138.0,55.027398363183906
2025-10-21 21:33:47.729984,89.03,29.34,220.66,82.29,48.74555981467987
2025-10-21 21:33:48.729983,92.4,79.82,228.14,93.92,54.09396731518665
2025-10-21 21:33:49.729983,67.76,26.36,160.11,56.23,49.33749782799501
2025-10-21 21:33:50.729982,73.09,56.76,121.91,146.21,53.993389003881795
2025-10-21 21:33:51.729982,10.34,26.84,176.31,61.48,49.13174263652171
2025-10-21 21:33:52.729982,44.35,30.03,188.35,41.18,49.092305919959145
2025-10-21 21:33:53.729981,60.63,36.38,218.2,146.77,50.04764273844432
2025-10-21 21:33:54.729981,93.92,54.3,240.95,146.93,51.54544304694447
2025-10-21 21:33:55.729980,18.4,28.91,223.91,107.99,48.84083770511418
2025-10-21 21:33:56.729980,81.74,53.53,165.21,30.69,51.94766306589169
2025-10-21 21:33:57.729979,78.85,93.45,263.26,127.94,55.17050563757871
2025-10-21 21:33:58.729979,62.44,80.06,217.07,150.0,54.762032976184514
2025-10-21 21:33:59.729978,78.26,73.42,211.56,42.36,53.3117425754143
2025-10-21 21:34:00.729978,84.57,93.75,148.33,74.13,56.89665777387645
2025-10-21 21:34:01.729978,53.16,65.58,209.19,121.87,53.139434952277185
2025-10-21 21:34:02.729977,88.45,77.32,256.1,148.32,53.737791977797926
2025-10-21 21:34:03.729977,41.85,73.44,151.99,135.7,55.14030310876186
2025-10-21 21:34:04.729976,86.32,91.2,121.63,57.99,56.98922015306684
2025-10-21 21:34:05.729976,42.05,27.22,81.09,68.62,50.98052000705658
2025-10-21 21:34:06.729975,38.17,82.52,202.17,133.71,55.17171635266712
2025-10-21 21:34:07.729975,43.27,51.4,256.87,55.91,50.23050970138468
2025-10-21 21:34:08.729975,64.8,80.58,75.34,29.79,56.48546440686783
2025-10-21 21:34:09.729974,94.24,57.92,296.33,147.91,50.92085439462102
2025-10-21 21:34:10.729974,66.6,81.08,288.79,94.89,53.12009140248077
2025-10-21 21:34:11.729973,81.72,30.98,80.01,35.62,51.1440982968697
2025-10-21 21:34:12.729973,49.52,44.86,64.13,71.23,53.198334245245796
2025-10-21 21:34:13.729972,12.55,59.16,121.01,37.55,53.41643849236228
2025-10-21 21:34:14.729972,62.13,39.71,141.32,109.95,51.53031079969655
2025-10-21 21:34:15.729971,51.92,91.51,243.49,34.57,54.59658396914646
2025-10-21 21:34:16.729971,86.17,53.51,270.65,120.99,50.71152857748358
2025-10-21 21:34:17.729971,18.93,83.89,180.67,85.62,55.337601641774405
2025-10-21 21:34:18.729970,84.34,40.64,167.16,101.58,51.08870189749368
2025-10-21 21:34:19.729970,89.77,38.5,143.29,59.59,50.9707867039277
2025-10-21 21:34:20.729969,93.96,86.08,75.57,41.85,57.163389528685556
2025-10-21 21:34:21.729969,45.77,82.03,153.38,85.02,55.63633058623339
2025-10-21 21:34:22.729968,47.02,39.57,140.59,44.17,51.01420505452431
2025-10-21 21:34:23.729968,30.57,23.65,218.5,37.41,47.82610464810514
2025-10-21 21:34:24.729967,63.46,32.0,156.57,37.33,49.85757315957618
2025-10-21 21:34:25.729967,40.2,72.42,261.49,43.8,52.29728195170242
2025-10-21 21:34:26.729967,24.69,86.51,259.17,13.43,53.60827868529328
2025-10-21 21:34:27.729966,76.28,75.64,185.08,91.83,54.42330044416162
2025-10-21 21:34:28.729966,45.68,70.43,233.04,137.87,53.3440392175808
2025-10-21 21:34:29.729965,71.24,64.47,181.62,89.19,53.27252119825714
2025-10-21 21:34:30.729965,87.45,96.59,59.63,104.45,59.069693405251634
2025-10-21 21:34:31.729964,87.46,65.48,279.03,75.84,51.48341996037895
2025-10-21 21:34:32.729964,56.44,40.41,70.61,64.04,52.547242586213045
2025-10-21 21:34:33.729964,86.01,53.17,270.94,93.63,50.455825004859925
2025-10-21 21:34:34.729963,38.37,66.28,152.48,115.82,54.21054093545442
2025-10-21 21:34:35.729963,45.13,53.47,189.6,93.79,51.98601961041656
2025-10-21 21:34:36.729962,72.0,65.82,197.66,39.76,52.734947046542096
2025-10-21 21:34:37.729962,63.28,89.06,209.29,30.88,54.93524720008144
2025-10-21 21:34:38.729961,14.63,42.98,144.06,38.12,51.26746607543549
2025-10-21 21:34:39.729961,21.71,20.15,82.13,124.2,50.64055602396267
2025-10-21 21:34:40.729960,48.09,91.18,100.85,54.69,57.343677029889946
2025-10-21 21:34:41.729960,40.06,70.26,295.79,66.71,51.61443404388866
2025-10-21 21:34:42.729960,93.15,45.63,91.27,31.74,52.47225925018872
2025-10-21 21:34:43.729959,12.78,60.25,279.36,115.96,51.232234172894195
2025-10-21 21:34:44.729959,66.58,33.16,279.05,91.18,48.14883154258242
2025-10-21 21:34:45.729958,55.94,25.0,166.74,15.94,48.75496012083187
2025-10-21 21:34:46.729958,47.24,85.54,96.64,114.44,57.285780339732526
2025-10-21 21:34:47.729957,62.34,56.03,88.63,118.61,54.31190704932997
2025-10-21 21:34:48.729957,36.2,21.1,155.13,56.28,48.86736884651766
2025-10-21 21:34:49.729956,44.66,98.33,294.66,146.53,55.259636145539744
2025-10-21 21:34:50.729956,30.85,34.09,144.49,21.18,50.176911952749556
2025-10-21 21:34:51.729956,45.44,76.96,151.92,126.41,55.44512066452752
2025-10-21 21:34:52.729955,41.42,80.2,274.65,68.1,53.07668571335341
2025-10-21 21:34:53.729955,64.81,53.29,60.03,21.76,53.787758225034764
2025-10-21 21:34:54.729954,82.23,32.22,129.03,48.87,50.478171688470646
2025-10-21 21:34:55.729954,29.14,76.11,172.46,63.32,54.482749630123116
2025-10-21 21:34:56.729953,58.89,56.19,243.8,120.29,51.48659342852122
2025-10-21 21:34:57.729953,26.17,36.75,124.79,134.24,51.708169863900494
2025-10-21 21:34:58.729953,45.66,38.9,172.09,109.28,50.87224748190027
2025-10-21 21:34:59.729952,29.73,46.97,101.47,128.58,53.18531469158044
2025-10-21 21:35:00.729952,11.96,39.8,271.94,22.66,48.45331800837322
2025-10-21 21:35:01.729951,16.9,44.93,118.76,117.72,52.56415020267243
2025-10-21 21:35:02.729951,15.75,84.15,224.37,100.36,54.67649540084759
2025-10-21 21:35:03.729950,60.04,97.17,88.81,139.92,58.87215996401844
2025-10-21 21:35:04.729950,64.89,21.63,190.2,42.7,48.17239597532436
2025-10-21 21:35:05.729949,57.05,65.17,155.35,28.35,53.354841545639296
2025-10-21 21:35:06.729949,68.46,63.96,214.13,34.31,52.19043123718214
2025-10-21 21:35:07.729949,91.25,66.61,139.61,39.08,53.88233942782502
2025-10-21 21:35:08.729948,56.48,82.64,254.87,134.31,54.21940973646569
2025-10-21 21:35:09.729948,17.87,92.1,221.79,58.04,55.242579184912756
2025-10-21 21:35:10.729947,74.02,82.63,103.83,73.02,56.51844020150083
2025-10-21 21:35:11.729947,28.32,75.53,236.7,92.88,53.4698076242452
2025-10-21 21:35:12.729946,20.32,79.06,129.63,119.48,56.02554565539342
2025-10-21 21:35:13.729946,56.89,82.61,298.46,125.99,53.34894241525639
2025-10-21 21:35:14.729945,80.08,60.72,230.11,65.18,51.79156484406817
2025-10-21 21:35:15.729945,20.29,48.79,209.67,19.51,50.53542817743934
2025-10-21 21:35:16.729944,71.14,27.31,204.82,38.89,48.48059679341952
2025-10-21 21:35:17.729944,62.76,82.78,184.69,99.91,55.2567769756548
2025-10-21 21:35:18.729943,45.24,49.8,67.8,66.75,53.62371607666279
2025-10-21 21:35:19.729943,21.97,20.83,268.7,122.41,47.2658263863648
2025-10-21 21:35:20.729942,58.97,21.18,295.34,49.16,46.239970669675444
2025-10-21 21:35:21.729942,11.33,75.18,214.21,124.19,54.09120788357828
2025-10-21 21:35:22.729941,38.79,36.9,223.05,37.18,49.15667506505862
2025-10-21 21:35:23.729941,90.87,95.55,261.93,42.14,54.74823252988147
2025-10-21 21:35:24.729941,48.02,46.81,209.22,94.22,50.91652953284795
2025-10-21 21:35:25.729940,87.77,66.78,270.09,147.24,52.3454196782913
2025-10-21 21:35:26.729940,51.29,97.69,105.1,139.65,58.6258422489554
2025-10-21 21:35:27.729939,33.61,52.04,128.21,87.68,52.91513603025036
2025-10-21 21:35:28.729939,52.22,52.47,82.97,121.23,54.056084862467834
2025-10-21 21:35:29.729938,92.06,86.79,66.63,87.78,57.76308846641245
2025-10-21 21:35:30.729938,52.58,90.45,180.91,21.49,55.53261944066163
2025-10-21 21:35:31.729938,91.69,96.31,242.84,96.69,55.60749490565858
2025-10-21 21:35:32.729937,16.91,87.41,221.28,84.11,54.9546556302347
2025-10-21 21:35:33.729937,64.07,48.25,103.53,65.07,52.787386184971815
2025-10-21 21:35:34.729936,32.72,68.06,286.88,67.38,51.5485174201605
2025-10-21 21:35:35.729936,28.6,33.15,262.26,34.17,48.01077298722388
2025-10-21 21:35:36.729935,45.29,78.85,203.49,88.97,54.40520355419234
2025-10-21 21:35:37.729935,32.81,83.33,242.99,53.01,53.87579321877541
2025-10-21 21:35:38.729935,55.92,75.61,59.86,131.49,57.03473570984117
2025-10-21 21:35:39.729934,14.66,26.4,200.12,92.41,48.88850379756639
2025-10-21 21:35:40.729934,34.04,97.37,93.16,121.75,58.671344648097254
2025-10-21 21:35:41.729933,30.72,38.06,51.3,112.99,53.034363222216875
2025-10-21 21:35:42.729933,81.93,97.21,123.5,136.66,58.21254133691093
2025-10-21 21:35:43.729932,25.63,47.38,156.99,52.97,51.61593831019893
2025-10-21 21:35:44.729932,37.22,45.88,298.27,36.79,48.72911202041485
2025-10-21 21:35:45.729932,36.55,65.11,204.01,145.33,53.368050214958025
2025-10-21 21:35:46.729931,84.88,58.08,158.96,109.57,53.16601897697931
2025-10-21 21:35:47.729931,60.97,28.72,115.1,69.66,50.52309129182682
2025-10-21 21:35:48.729930,80.57,79.0,90.57,24.53,55.995179507735216
2025-10-21 21:35:49.729930,26.38,46.17,78.08,126.99,53.51781658464046
2025-10-21 21:35:50.729929,60.06,97.63,66.14,78.58,58.85866888246687
2025-10-21 21:35:51.729929,36.91,95.76,76.16,129.58,58.87337348482054
2025-10-21 21:35:52.729929,85.74,88.93,281.78,19.91,53.50152247435488
2025-10-21 21:35:53.729928,63.1,96.23,260.84,61.82,54.994917693125615
2025-10-21 21:35:54.729928,93.96,63.08,174.34,29.04,52.7874007659042
2025-10-21 21:35:55.729927,27.92,80.1,145.83,57.07,55.35035697650039
2025-10-21 21:35:56.729927,72.39,24.85,192.36,33.7,48.40638127408732
2025-10-21 21:35:57.729926,46.12,92.62,131.72,128.34,57.50562664061799
2025-10-21 21:35:58.729926,42.15,97.58,140.82,95.91,57.61457456311828
2025-10-21 21:35:59.729925,63.66,46.49,192.27,40.01,50.77018752976887
2025-10-21 21:36:00.729925,45.02,98.17,198.9,134.47,56.910442332148726
2025-10-21 21:36:01.729925,56.57,88.57,274.76,85.16,54.10266574001854
2025-10-21 21:36:02.729923,45.85,54.05,178.56,87.89,52.20501999404068
2025-10-21 21:36:03.729923,50.51,53.56,126.06,70.36,52.981663771805906
2025-10-21 21:36:04.729922,73.58,84.36,127.39,100.73,56.486533090924134
2025-10-21 21:36:05.729922,75.68,21.41,105.26,45.41,49.73321305991169
2025-10-21 21:36:06.729921,13.75,81.86,203.6,79.34,54.64954232120687
2025-10-21 21:36:07.729921,92.07,57.02,125.28,136.83,53.885782456398104
2025-10-21 21:36:08.729920,41.07,38.47,275.58,16.69,48.197485859432675
2025-10-21 21:36:09.729920,76.55,64.06,96.19,122.86,55.06424003755839
2025-10-21 21:36:10.729920,16.33,45.02,249.55,89.14,49.94329962650968
2025-10-21 21:36:11.729919,40.67,76.87,94.13,51.54,55.91331169758625
2025-10-21 21:36:12.729919,63.28,80.55,151.4,55.76,55.285699918239374
2025-10-21 21:36:13.729918,26.12,98.73,284.2,63.18,54.84285724398269
2025-10-21 21:36:14.729918,81.31,63.0,126.18,33.85,53.7027546931565
2025-10-21 21:36:15.729917,62.15,86.97,162.43,131.61,56.362210843333465
2025-10-21 21:36:16.729917,70.57,46.68,214.28,125.4,51.053429516346576
2025-10-21 21:36:17.729916,31.6,76.59,56.19,137.04,57.25042793496038
2025-10-21 21:36:18.729916,32.71,54.43,136.09,110.68,53.205477160643014
2025-10-21 21:36:19.729916,26.84,22.13,202.9,34.32,47.92656455398175
2025-10-21 21:36:20.729915,33.66,59.39,111.23,95.62,54.07526301189439
2025-10-21 21:36:21.729915,44.61,41.34,98.64,55.09,52.06079447974475
2025-10-21 21:36:22.729914,92.59,34.56,299.04,46.02,47.57731320776125
2025-10-21 21:36:23.729914,84.03,34.54,148.94,53.67,50.39727322366797
2025-10-21 21:36:24.729913,82.48,31.53,115.22,136.51,51.34415095686005
2025-10-21 21:36:25.729913,12.33,27.48,227.07,53.26,48.201716491531926
2025-10-21 21:36:26.729913,68.29,89.81,115.75,146.69,57.642744671531425
2025-10-21 21:36:27.729912,92.85,87.44,264.3,101.55,54.3026031563855
2025-10-21 21:36:28.729912,15.93,37.32,128.99,29.11,50.8693970041028
2025-10-21 21:36:29.729911,44.31,84.08,173.79,56.11,55.253671122898666
2025-10-21 21:36:30.729911,36.29,83.27,142.93,106.3,56.12763223379949
2025-10-21 21:36:31.729910,59.13,47.26,243.94,17.11,49.7224714806126
2025-10-21 21:36:32.729910,84.09,54.56,129.8,123.33,53.434081484979
2025-10-21 21:36:33.729910,14.65,26.48,62.0,125.12,51.69472319196961
2025-10-21 21:36:34.729909,39.39,72.62,77.06,116.11,56.27833701295756
2025-10-21 21:36:35.729909,57.75,36.98,148.34,120.41,51.19117839154512
2025-10-21 21:36:36.729908,40.17,52.37,97.96,133.74,53.867401936118014
2025-10-21 21:36:37.729908,39.35,83.65,243.76,72.36,54.047192533394494
2025-10-21 21:36:38.729907,67.36,34.82,153.82,113.21,50.80315647047403
2025-10-21 21:36:39.729907,58.73,49.71,116.14,142.49,53.31699923448137
2025-10-21 21:36:40.729907,80.98,49.51,157.33,24.02,51.61085932978376
2025-10-21 21:36:41.729906,71.18,83.05,153.34,12.84,55.18143740044977
2025-10-21 21:36:42.729906,52.18,75.21,82.45,76.74,56.14797437260207
2025-10-21 21:36:43.729905,27.46,42.99,226.79,36.39,49.73254144636799
2025-10-21 21:36:44.729905,80.91,75.98,97.3,88.28,56.04726161759142
2025-10-21 21:36:45.729904,86.02,37.56,142.46,111.27,51.28987500107922
2025-10-21 21:36:46.729904,74.78,87.66,120.7,125.23,57.15399327425717
2025-10-21 21:36:47.729903,71.54,78.51,71.52,27.74,56.31849383851724
2025-10-21 21:36:48.729903,51.42,77.88,94.08,71.92,56.18160284284215
2025-10-21 21:36:49.729903,75.62,87.3,213.58,20.33,54.58566877174672
2025-10-21 21:36:50.729902,81.32,50.71,67.13,89.67,53.9125990243919
2025-10-21 21:36:51.729902,25.24,21.36,277.89,24.18,46.38492536805074
2025-10-21 21:36:52.729901,85.14,82.0,132.03,143.03,56.479817980824144
2025-10-21 21:36:53.729901,66.86,86.51,155.24,74.87,56.00150390985156
2025-10-21 21:36:54.729900,63.75,85.05,228.93,53.95,54.325715419357
2025-10-21 21:36:55.729900,10.12,26.68,241.28,129.88,48.4540880312228
2025-10-21 21:36:56.729899,22.02,75.11,145.3,94.65,55.120778056529005
2025-10-21 21:36:57.729899,53.86,77.37,90.86,71.25,56.18111193826053
2025-10-21 21:36:58.729898,48.17,85.86,65.52,126.81,57.98944114411635
2025-10-21 21:36:59.729898,66.07,36.36,116.78,100.25,51.54800089817732
2025-10-21 21:37:00.729897,27.5,71.65,61.81,24.78,55.740862555576854
2025-10-21 21:37:01.729897,91.97,58.2,77.01,97.51,54.59260826283395
2025-10-21 21:37:02.729896,16.05,21.27,291.07,79.82,46.568013215557045
2025-10-21 21:37:03.729896,12.7,42.76,219.04,66.07,50.0827591386901
2025-10-21 21:37:04.729895,38.49,79.66,100.97,13.49,55.78796614963405
2025-10-21 21:37:05.729894,25.9,37.73,251.28,113.47,49.32266574342656
2025-10-21 21:37:06.729894,15.27,35.23,280.89,83.72,48.27784569884228
2025-10-21 21:37:07.729893,90.93,89.65,204.45,64.28,55.34865133236214
2025-10-21 21:37:08.729893,46.72,60.51,168.85,55.91,52.82395745176997
2025-10-21 21:37:09.729892,27.27,71.88,296.17,45.0,51.61074872247884
2025-10-21 21:37:10.729892,70.66,34.71,220.42,12.2,48.77560564100645
2025-10-21 21:37:11.729891,24.77,92.67,131.39,97.24,57.273757379897006
2025-10-21 21:37:12.729891,67.34,30.18,282.01,115.53,47.966352715308034
2025-10-21 21:37:13.729890,52.41,86.4,88.35,138.93,57.721830154743714
2025-10-21 21:37:14.729890,74.66,85.09,163.65,115.95,56.01632980955629
2025-10-21 21:37:15.729889,20.66,28.41,182.27,80.55,49.33903583029952
2025-10-21 21:37:16.729889,76.19,20.37,223.68,30.37,47.32515447325708
2025-10-21 21:37:17.729889,56.53,41.51,216.68,149.81,50.64766795119637
2025-10-21 21:37:18.729888,58.25,97.92,73.12,104.15,58.96123799535328
2025-10-21 21:37:19.729888,55.65,96.7,200.48,133.89,56.71972162419593
2025-10-21 21:37:20.729887,81.38,91.21,158.4,145.36,56.99708877149892
2025-10-21 21:37:21.729887,24.98,92.1,213.73,56.61,55.37971894894436
2025-10-21 21:37:22.729886,51.1,63.84,153.5,117.93,53.94749946568569
2025-10-21 21:37:23.729886,27.11,58.62,107.3,16.54,53.44667253673092
2025-10-21 21:37:24.729885,66.75,71.61,212.56,53.92,53.19032532146761
2025-10-21 21:37:25.729885,86.2,46.55,65.87,44.92,53.14111805099093
2025-10-21 21:37:26.729884,33.15,26.68,92.04,74.92,50.77057997682875
2025-10-21 21:37:27.729884,14.02,88.84,248.98,11.18,54.02722194200682
2025-10-21 21:37:28.729883,53.3,24.21,264.38,18.75,46.89566492593747
2025-10-21 21:37:29.729883,26.65,97.53,253.55,138.41,55.86715267148841
2025-10-21 21:37:30.729882,48.16,89.47,263.29,97.06,54.50302356295306
2025-10-21 21:37:31.729882,44.18,90.61,204.14,77.67,55.56170274364276
2025-10-21 21:37:32.729881,43.12,34.01,267.34,81.61,48.38030888855595
2025-10-21 21:37:33.729881,32.53,66.02,213.88,122.17,53.10249811020995
2025-10-21 21:37:34.729881,72.64,54.38,234.69,135.93,51.58314466506417
2025-10-21 21:37:35.729880,87.71,46.79,296.01,52.81,48.993278726216424
2025-10-21 21:37:36.729880,61.9,21.29,81.25,112.55,50.6874542276166
2025-10-21 21:37:37.729879,16.44,83.28,208.67,11.85,54.180049760335116
2025-10-21 21:37:38.729879,41.82,81.88,147.84,114.51,55.952941922844104
2025-10-21 21:37:39.729878,16.9,26.01,287.82,91.59,47.226485866361976
2025-10-21 21:37:40.729878,64.64,47.66,288.41,73.8,49.39031994699521
2025-10-21 21:37:41.729877,57.04,61.96,88.23,62.61,54.514969508336414
2025-10-21 21:37:42.729877,23.89,38.94,144.12,12.24,50.63213287708069
2025-10-21 21:37:43.729876,92.14,50.81,50.54,120.26,54.467884708206554
2025-10-21 21:37:44.729876,21.45,85.44,230.96,118.64,54.83608974671857
2025-10-21 21:37:45.729876,17.02,36.51,163.38,60.1,50.39238236886216
2025-10-21 21:37:46.729875,70.3,30.4,283.47,126.04,48.04521390068835
2025-10-21 21:37:47.729875,18.26,23.69,88.44,48.49,50.31051780401347
2025-10-21 21:37:48.729874,34.93,68.71,246.21,28.93,52.06564393191019
2025-10-21 21:37:49.729874,36.43,43.88,145.21,81.64,51.682934856815365
2025-10-21 21:37:50.729873,86.16,93.71,238.66,47.57,55.022290780132685
2025-10-21 21:37:51.729873,12.62,29.57,184.96,26.54,48.991004154825994
2025-10-21 21:37:52.729872,64.67,87.85,276.9,51.18,53.72051805415829
2025-10-21 21:37:53.729872,72.58,76.02,298.31,16.17,51.78830353215459
2025-10-21 21:37:54.729871,78.54,21.98,299.65,125.22,46.84114981384408
2025-10-21 21:37:55.729871,10.29,22.83,158.89,63.79,49.04181780281835
2025-10-21 21:37:56.729871,76.92,92.95,155.14,41.5,56.43057980451892
2025-10-21 21:37:57.729870,18.42,52.53,253.32,68.02,50.51134184940126
2025-10-21 21:37:58.729870,74.95,76.35,223.32,113.93,53.96834236263664
2025-10-21 21:37:59.729869,42.35,42.34,140.38,53.32,51.38569284654301
2025-10-21 21:38:00.729869,34.1,59.29,195.27,22.57,51.94655952688232
2025-10-21 21:38:01.729868,53.93,54.53,284.8,123.69,50.581263998726506
2025-10-21 21:38:02.729868,69.84,72.62,215.15,86.65,53.50664352536381
2025-10-21 21:38:03.729867,38.05,40.93,52.02,118.79,53.373217970440976
2025-10-21 21:38:04.729867,50.97,97.83,224.33,87.77,56.04080243269449
2025-10-21 21:38:05.729866,42.39,49.24,160.21,67.85,51.871871883059995
2025-10-21 21:38:06.729866,24.87,22.51,84.93,121.71,50.82177628395505
2025-10-21 21:38:07.729865,50.48,24.73,66.26,67.44,50.97808177828393
2025-10-21 21:38:08.729865,93.42,23.53,85.44,145.11,51.10445519375899
2025-10-21 21:38:09.729865,75.61,21.03,152.61,144.07,49.59301728399877
2025-10-21 21:38:10.729864,84.0,51.32,169.72,136.86,52.459007472724906
2025-10-21 21:38:11.729864,17.42,50.57,276.48,17.46,49.48014205815655
2025-10-21 21:38:12.729863,24.67,87.96,298.94,53.35,53.34365285999938
2025-10-21 21:38:13.729863,67.46,27.87,82.23,143.95,51.61829397595361
2025-10-21 21:38:14.729862,85.14,89.31,130.8,32.35,56.41789790163217
2025-10-21 21:38:15.729862,29.74,66.34,265.87,126.32,52.21240316202682
2025-10-21 21:38:16.729861,44.82,56.48,226.48,76.19,51.49134207523381
2025-10-21 21:38:17.729861,81.73,66.65,155.87,82.13,53.92415282954151
2025-10-21 21:38:18.729860,76.67,89.3,251.97,110.14,54.79549482655459
2025-10-21 21:38:19.729860,87.69,60.74,217.09,78.84,52.14016433177145
2025-10-21 21:38:20.729859,89.07,71.71,54.79,41.07,56.003894224169656
2025-10-21 21:38:21.729859,71.41,77.69,247.65,115.65,53.67727167231154
2025-10-21 21:38:22.729858,62.77,66.65,129.86,64.52,54.265050811090774
2025-10-21 21:38:23.729858,13.89,78.62,85.46,92.75,56.58226941145987
2025-10-21 21:38:24.729858,10.19,24.43,240.16,13.62,47.32476190083184
2025-10-21 21:38:25.729857,35.37,30.06,90.46,91.8,51.292943151328636
2025-10-21 21:38:26.729857,80.59,21.11,266.16,115.49,47.28836148815202
2025-10-21 21:38:27.729856,88.88,63.34,275.88,103.57,51.52959823926478
2025-10-21 21:38:28.729856,42.83,70.39,286.04,74.31,51.86720727649533
2025-10-21 21:38:29.729855,24.1,50.11,231.86,63.82,50.614770644104304
2025-10-21 21:38:30.729855,10.19,20.55,289.05,65.18,46.41371200736441
2025-10-21 21:38:31.729854,12.85,79.19,118.64,89.37,56.00614431136592
2025-10-21 21:38:32.729854,87.44,61.2,245.18,99.25,51.83205496615462
2025-10-21 21:38:33.729853,72.22,33.93,172.74,148.8,50.638266857894905
2025-10-21 21:38:34.729853,16.73,50.0,148.82,75.47,52.22231374270758
2025-10-21 21:38:35.729853,54.06,47.7,136.21,68.28,52.15231333994643
2025-10-21 21:38:36.729852,47.11,37.89,166.27,92.76,50.74217614210209
2025-10-21 21:38:37.729852,38.66,32.03,176.42,114.92,50.10244794458042
2025-10-21 21:38:38.729851,37.36,54.68,180.0,70.57,52.11036252022267
2025-10-21 21:38:39.729851,52.92,55.54,280.26,40.49,50.12190831685531
2025-10-21 21:38:40.729850,54.93,61.28,271.34,45.44,50.93824942817784
2025-10-21 21:38:41.729850,22.24,76.26,129.94,28.9,55.01200890344037
2025-10-21 21:38:42.729849,87.32,75.0,53.26,116.19,56.97131246869089
2025-10-21 21:38:43.729849,15.97,91.86,275.23,107.17,54.61781490277755
2025-10-21 21:38:44.729848,34.92,95.56,221.37,103.65,55.9768913666168
2025-10-21 21:38:45.729848,53.26,32.43,56.88,124.2,52.41765846334494
2025-10-21 21:38:46.729848,11.11,67.92,94.05,136.12,55.61989088973833
2025-10-21 21:38:47.729847,26.95,75.87,150.88,79.54,54.98111516579059
2025-10-21 21:38:48.729847,67.15,58.31,189.35,87.19,52.456268564181954
2025-10-21 21:38:49.729846,20.73,40.39,264.71,131.69,49.50233548908912
2025-10-21 21:38:50.729846,43.22,92.1,108.84,57.48,57.316789915695395
2025-10-21 21:38:51.729845,20.76,91.12,272.88,107.67,54.585884761246355
2025-10-21 21:38:52.729845,24.91,28.19,114.41,60.97,50.41116584894457
2025-10-21 21:38:53.729844,81.74,60.37,278.62,57.23,50.79925015181451
2025-10-21 21:38:54.729844,84.22,83.93,155.54,87.14,55.816228462535655
2025-10-21 21:38:55.729843,56.05,76.55,157.82,65.91,54.81945206930381
2025-10-21 21:38:56.729843,72.77,80.96,211.5,145.03,54.9218455912736
2025-10-21 21:38:57.729842,15.52,20.52,115.41,10.7,49.179779858897966
2025-10-21 21:38:58.729842,60.22,57.94,159.53,66.5,52.8036431514547
2025-10-21 21:38:59.729842,87.51,97.67,114.4,44.1,57.70510016174204
2025-10-21 21:39:00.729841,75.76,24.33,105.37,67.62,50.21700776969459
2025-10-21 21:39:01.729841,94.74,55.92,120.8,124.29,53.752566958224364
2025-10-21 21:39:02.729840,93.15,42.29,69.05,89.18,52.973539748145434
2025-10-21 21:39:03.729840,28.89,70.05,66.29,138.98,56.38076945987574
2025-10-21 21:39:04.729839,30.49,30.58,81.33,54.01,51.2209158452012
2025-10-21 21:39:05.729839,75.54,37.5,245.38,129.31,49.53057217445523
2025-10-21 21:39:06.729838,68.28,32.54,166.88,43.2,49.7714728207243
2025-10-21 21:39:07.729838,48.82,41.44,269.42,69.36,49.04028906444569
2025-10-21 21:39:08.729837,57.77,46.66,264.44,86.34,49.82265505505114
2025-10-21 21:39:09.729837,74.35,80.96,158.68,71.92,55.321961678606236
2025-10-21 21:39:10.729837,57.91,61.3,235.35,46.88,51.61396686505426
2025-10-21 21:39:11.729836,12.24,58.92,64.82,108.93,54.983223560757835
2025-10-21 21:39:12.729836,43.06,58.21,250.71,123.15,51.59769208138417
2025-10-21 21:39:13.729835,11.1,72.2,132.35,62.08,54.79330034129983
2025-10-21 21:39:14.729835,48.35,82.48,225.48,140.74,54.79346663046043
2025-10-21 21:39:15.729834,23.06,46.36,243.17,70.39,50.05724695688183
2025-10-21 21:39:16.729834,53.34,42.92,292.75,92.9,48.95327502228185
2025-10-21 21:39:17.729833,56.64,36.81,77.22,103.18,52.34702852464594
2025-10-21 21:39:18.729833,16.2,40.23,274.55,100.75,49.06211793438076
2025-10-21 21:39:19.729832,66.84,70.12,200.95,143.95,53.949014266136146
2025-10-21 21:39:20.729832,74.57,77.86,160.48,135.77,55.45700160121136
2025-10-21 21:39:21.729831,61.33,65.92,209.15,45.02,52.57533432729887
2025-10-21 21:39:22.729831,57.49,93.71,80.45,107.29,58.40096263051483
2025-10-21 21:39:23.729831,32.44,42.31,277.6,77.55,49.046804221485935
2025-10-21 21:39:24.729830,24.96,98.69,128.59,92.07,57.92823307617587
2025-10-21 21:39:25.729830,55.56,86.91,209.06,101.56,55.26260561193817
2025-10-21 21:39:26.729829,46.56,32.79,233.27,31.58,48.48553290206125
2025-10-21 21:39:27.729829,80.38,79.06,123.91,131.07,56.22147451389213
2025-10-21 21:39:28.729828,35.3,76.21,224.21,104.15,53.86049531899766
2025-10-21 21:39:29.729828,19.5,50.66,239.32,38.92,50.34148245840223
2025-10-21 21:39:30.729827,89.84,41.69,82.84,55.89,52.39522267817221
2025-10-21 21:39:31.729827,35.82,65.88,95.48,51.14,54.710775650146736
2025-10-21 21:39:32.729826,27.86,59.81,292.26,83.01,50.69005537661075
2025-10-21 21:39:33.729826,68.65,87.47,141.83,46.78,56.13114586977123
2025-10-21 21:39:34.729826,72.99,40.63,137.35,127.92,51.842269240829395
2025-10-21 21:39:35.729825,28.84,74.32,191.86,122.66,54.39862773277187
2025-10-21 21:39:36.729825,45.86,53.17,263.69,134.15,50.90622077679563
2025-10-21 21:39:37.729824,24.82,43.7,165.92,115.97,51.55112940921543
2025-10-21 21:39:38.729824,78.72,87.08,255.92,77.88,54.23317973815985
2025-10-21 21:39:39.729823,18.56,49.21,68.23,98.57,53.801664561527744
2025-10-21 21:39:40.729823,91.48,24.44,188.82,80.76,48.795844259606405
2025-10-21 21:39:41.729822,30.19,32.9,235.48,88.28,48.900166186380694
2025-10-21 21:39:42.729822,76.3,20.02,226.71,85.52,47.6634095196301
2025-10-21 21:39:43.729821,68.99,36.14,191.25,36.2,49.65299101953269
2025-10-21 21:39:44.729821,39.67,75.17,299.22,71.55,52.11393382672093
2025-10-21 21:39:45.729820,76.96,23.68,87.98,39.95,50.25110846284183
2025-10-21 21:39:46.729820,92.57,62.79,190.21,38.93,52.54172156962785
2025-10-21 21:39:47.729820,13.92,83.42,128.51,13.3,55.68152029265234
2025-10-21 21:39:48.729819,10.31,95.14,203.84,88.91,56.139297345902435
2025-10-21 21:39:49.729819,86.64,86.62,205.03,104.87,55.33166792459749
2025-10-21 21:39:50.729818,54.53,66.44,114.84,101.05,54.804779553202906
2025-10-21 21:39:51.729818,62.32,76.58,204.08,94.7,54.19656230024969
2025-10-21 21:39:52.729817,40.32,37.58,285.55,119.17,48.720561290418296
2025-10-21 21:39:53.729817,72.35,42.47,162.44,136.65,51.64548739622377
2025-10-21 21:39:54.729816,84.2,42.52,55.93,80.75,53.17361996470104
2025-10-21 21:39:55.729816,31.89,44.37,141.85,110.47,52.02266560814564
2025-10-21 21:39:56.729816,23.7,77.6,256.45,17.69,52.73939696357485
2025-10-21 21:39:57.729815,57.02,61.12,86.96,109.57,54.815919441032385
2025-10-21 21:39:58.729815,80.28,72.25,278.91,51.77,52.02088397499989
2025-10-21 21:39:59.729814,85.78,94.06,276.32,50.83,54.39215141134463
2025-10-21 21:40:00.729814,60.07,41.2,122.78,46.48,51.53423588610319
2025-10-21 21:40:01.729813,55.32,53.63,121.36,77.42,53.13086628391847
2025-10-21 21:40:02.729813,85.84,83.36,136.63,97.06,56.18090666958624
2025-10-21 21:40:03.729812,72.53,66.67,74.6,98.85,55.552677966527405
2025-10-21 21:40:04.729812,43.72,41.09,105.92,127.93,52.4699089240689
2025-10-21 21:40:05.729811,59.24,57.34,240.22,38.95,51.03908390965892
2025-10-21 21:40:06.729811,28.41,44.21,198.6,48.8,50.47878315255838
2025-10-21 21:40:07.729811,26.21,31.57,282.22,74.03,47.78640324440416
2025-10-21 21:40:08.729810,13.85,86.89,273.51,92.67,54.00486659013403
2025-10-21 21:40:09.729810,81.56,51.79,124.59,96.87,53.02692571054326
2025-10-21 21:40:10.729809,81.6,30.01,112.46,97.39,50.92646759769446
2025-10-21 21:40:11.729809,55.81,46.68,99.89,67.81,52.70801166885383
2025-10-21 21:40:12.729808,91.24,44.79,236.23,60.14,49.936984674334
2025-10-21 21:40:13.729808,61.31,74.57,147.73,103.13,55.08468300367822
2025-10-21 21:40:14.729807,61.94,95.6,248.41,105.92,55.50131336110536
2025-10-21 21:40:15.729807,59.8,57.2,235.48,49.6,51.194662139374906
2025-10-21 21:40:16.729806,94.84,53.71,77.62,115.58,54.242867151737
2025-10-21 21:40:17.729806,46.09,27.37,223.67,10.34,47.91677928669
2025-10-21 21:40:18.729806,56.14,85.14,282.05,130.07,53.95324363740934
2025-10-21 21:40:19.729805,17.51,87.62,186.67,63.51,55.45287133732988
2025-10-21 21:40:20.729805,85.25,29.57,125.81,63.44,50.36818486116799
2025-10-21 21:40:21.729804,78.18,32.27,84.75,22.8,51.09445179136329
2025-10-21 21:40:22.729804,35.46,74.87,154.4,114.93,55.086307156468706
2025-10-21 21:40:23.729803,41.45,60.21,218.34,25.69,51.64474032269254
2025-10-21 21:40:24.729803,36.03,22.28,268.59,36.48,46.750615800044656
2025-10-21 21:40:25.729802,60.22,73.14,91.52,61.24,55.63857695461529
2025-10-21 21:40:26.729802,33.76,58.8,199.65,97.17,52.397159765761565
2025-10-21 21:40:27.729802,28.76,77.33,261.56,12.13,52.57300824280213
2025-10-21 21:40:28.729801,35.23,70.44,144.13,58.01,54.356576352775626
2025-10-21 21:40:29.729799,80.38,23.74,267.27,119.44,47.579917014290665
2025-10-21 21:40:30.729798,14.82,32.12,239.5,133.18,49.094063310056924
2025-10-21 21:40:31.729798,55.95,36.07,202.97,136.28,50.212725168450056
2025-10-21 21:40:32.729797,30.93,84.43,135.32,119.74,56.496790035995005
2025-10-21 21:40:33.729797,68.86,61.68,91.41,122.9,54.8981541107659
2025-10-21 21:40:34.729797,71.73,88.1,115.53,142.61,57.43211932601546
2025-10-21 21:40:35.729796,25.58,21.69,207.04,56.36,47.975764154074014
2025-10-21 21:40:36.729796,49.62,92.78,71.95,148.7,58.781929709679716
2025-10-21 21:40:37.729795,94.28,73.7,86.35,110.09,56.175708434017594
2025-10-21 21:40:38.729795,89.78,96.59,198.24,101.82,56.498313509714905
2025-10-21 21:40:39.729794,12.91,30.35,148.92,110.7,50.39596091069461
2025-10-21 21:40:40.729794,69.97,88.17,66.61,65.47,57.73642047551763
2025-10-21 21:40:41.729793,77.56,77.47,52.24,57.02,56.79119697771519
2025-10-21 21:40:42.729793,73.56,90.78,67.7,32.24,57.73535857902851
2025-10-21 21:40:43.729793,91.45,73.78,146.97,84.03,54.864823787185045
2025-10-21 21:40:44.729792,85.85,86.84,157.41,65.85,55.926278137538375
2025-10-21 21:40:45.729792,63.86,40.19,149.59,98.03,51.336173724671006
2025-10-21 21:40:46.729791,57.16,47.16,211.11,115.03,51.08194516950959
2025-10-21 21:40:47.729791,84.23,20.57,89.3,11.88,49.67485042041708
2025-10-21 21:40:48.729790,74.39,92.57,69.31,22.09,57.81763712977177
2025-10-21 21:40:49.729790,67.79,32.95,147.42,118.64,50.76355393516763
2025-10-21 21:40:50.729789,72.25,53.17,126.16,41.99,52.716212014822155
2025-10-21 21:40:51.729789,75.19,55.81,74.6,49.53,54.006193017826504
2025-10-21 21:40:52.729788,50.64,68.44,283.17,61.04,51.60780847736909
2025-10-21 21:40:53.729788,33.71,51.69,282.11,101.78,50.1558452636534
2025-10-21 21:40:54.729788,71.32,26.77,207.65,88.43,48.75834067648718
2025-10-21 21:40:55.729787,67.64,36.95,103.21,65.63,51.58996108644444
2025-10-21 21:40:56.729787,55.84,67.63,234.39,18.33,52.084818222308215
2025-10-21 21:40:57.729786,66.2,81.63,163.25,55.51,55.1810972562362
2025-10-21 21:40:58.729786,14.6,59.8,163.96,109.54,53.25759660405298
2025-10-21 21:40:59.729785,82.39,30.22,249.1,65.26,48.18301538442743
2025-10-21 21:41:00.729785,57.57,24.93,79.68,20.79,50.38756297326751
2025-10-21 21:41:01.729784,48.29,46.98,176.27,10.15,50.883414904058
2025-10-21 21:41:02.729784,18.91,51.49,208.22,97.5,51.46076872321423
2025-10-21 21:41:03.729783,33.98,77.66,136.52,102.45,55.61590419474953
2025-10-21 21:41:04.729783,11.29,45.94,72.03,121.62,53.56256397422577
2025-10-21 21:41:05.729783,52.33,97.18,127.24,149.59,58.24165625904613
2025-10-21 21:41:06.729782,65.83,81.71,81.66,52.45,56.66719081891252
2025-10-21 21:41:07.729782,36.81,31.1,118.36,40.91,50.492559708970006
2025-10-21 21:41:08.729781,57.89,81.83,106.55,24.87,56.00622121444441
2025-10-21 21:41:09.729781,31.77,79.73,170.07,122.27,55.374770156125784
2025-10-21 21:41:10.729780,38.6,94.12,239.54,134.0,55.72603127692162
2025-10-21 21:41:11.729780,72.85,91.27,250.3,121.27,55.123839079977515
2025-10-21 21:41:12.729779,69.23,39.75,66.49,147.3,53.203841981463405
2025-10-21 21:41:13.729779,18.62,70.95,87.22,54.57,55.43147376201452
2025-10-21 21:41:14.729778,85.87,32.47,214.58,51.18,48.9486051421669
2025-10-21 21:41:15.729778,78.22,37.55,204.2,137.39,50.3569489153211
2025-10-21 21:41:16.729778,81.19,54.98,65.78,42.8,54.027151792126546
2025-10-21 21:41:17.729777,43.54,54.84,156.93,106.74,52.83496127269855
2025-10-21 21:41:18.729777,41.03,39.09,203.38,71.64,50.022285168630106
2025-10-21 21:41:19.729776,23.1,35.46,193.9,141.65,50.35645193529949
2025-10-21 21:41:20.729776,74.41,31.46,274.26,103.02,48.14791292953947
2025-10-21 21:41:21.729775,40.29,64.26,171.12,58.53,53.203462302025656
2025-10-21 21:41:22.729775,77.63,75.83,94.62,16.43,55.518488707304044
2025-10-21 21:41:23.729774,23.21,60.73,57.82,109.74,55.31182415082107
2025-10-21 21:41:24.729774,57.94,60.28,182.36,28.89,52.33938546482901
2025-10-21 21:41:25.729773,53.09,25.22,261.29,32.86,47.17085212806548
2025-10-21 21:41:26.729773,40.29,81.19,205.55,81.47,54.55871261771587
2025-10-21 21:41:27.729773,16.75,21.69,58.18,124.02,51.24448245677634
2025-10-21 21:41:28.729772,16.21,42.5,165.64,60.14,50.991290107927895
2025-10-21 21:41:29.729772,58.42,41.2,169.71,109.14,51.16076483044066
2025-10-21 21:41:30.729771,12.54,21.32,131.22,62.19,49.37712356841174
2025-10-21 21:41:31.729771,46.59,87.35,191.75,118.01,55.75686602742647
2025-10-21 21:41:32.729770,35.49,36.04,107.08,123.25,51.872229527807306
2025-10-21 21:41:33.729770,65.91,23.97,298.92,142.92,47.205728123387004
2025-10-21 21:41:34.729769,53.6,24.93,117.8,77.61,50.13053564513323
2025-10-21 21:41:35.729769,52.26,60.85,203.74,112.8,52.66325633524398
2025-10-21 21:41:36.729768,87.8,75.01,267.1,54.06,52.5511112777578
2025-10-21 21:41:37.729768,27.29,71.41,144.33,136.34,55.069317215572205
2025-10-21 21:41:38.729767,42.33,91.16,176.95,29.01,55.74020276144374
2025-10-21 21:41:39.729767,19.38,43.14,223.78,105.46,50.34427894153288
2025-10-21 21:41:40.729767,90.66,93.23,179.87,22.96,55.86037194597296
2025-10-21 21:41:41.729766,57.23,45.84,216.28,118.67,50.874201699775156
2025-10-21 21:41:42.729763,76.13,34.81,165.18,17.97,49.84799849631396
2025-10-21 21:41:43.729763,18.22,66.7,215.7,56.67,52.62929371158048
2025-10-21 21:41:44.729762,47.31,51.69,216.03,145.26,51.71203044070904
2025-10-21 21:41:45.729762,13.14,34.14,152.61,33.66,50.13045263387455
2025-10-21 21:41:46.729761,36.29,77.54,214.01,42.53,53.708313301236906
2025-10-21 21:41:47.729761,32.58,54.51,231.14,75.67,51.19097241836006
2025-10-21 21:41:48.729760,59.16,54.71,62.85,146.88,54.86640200663697
2025-10-21 21:41:49.729760,31.7,22.99,157.74,102.65,49.3840711757079
2025-10-21 21:41:50.729759,26.39,36.87,218.94,83.5,49.591451566557005
2025-10-21 21:41:51.729759,23.57,32.9,275.28,140.8,48.578584618325195
2025-10-21 21:41:52.729759,38.55,93.4,223.64,86.94,55.57354842499312
2025-10-21 21:41:53.729758,17.69,31.05,199.18,13.63,48.78650183764731
2025-10-21 21:41:54.729758,47.1,87.16,145.82,107.59,56.50028577336038
2025-10-21 21:41:55.729757,27.01,44.94,190.02,92.96,51.06014843236777
2025-10-21 21:41:56.729757,16.08,76.39,128.85,86.31,55.49506291633855
2025-10-21 21:41:57.729756,37.23,82.51,257.15,50.25,53.505981502343815
2025-10-21 21:41:58.729756,87.79,57.59,258.77,43.04,50.7564265106741
2025-10-21 21:41:59.729755,61.1,55.64,149.76,99.01,52.99194008544918
2025-10-21 21:42:00.729755,40.72,74.23,208.04,138.97,54.218840539401164
2025-10-21 21:42:01.729754,62.87,49.21,113.73,148.29,53.35328371816626
2025-10-21 21:42:02.729754,66.12,38.39,297.68,42.03,47.98046207483685
2025-10-21 21:42:03.729753,56.39,78.84,144.01,149.61,55.97309929871373
2025-10-21 21:42:04.729753,13.17,54.21,289.12,26.43,49.70672813611743
2025-10-21 21:42:05.729753,46.19,75.13,98.91,37.83,55.53213370066221
2025-10-21 21:42:06.729752,15.36,70.42,263.7,51.83,52.10567686141723
2025-10-21 21:42:07.729752,12.31,86.46,290.91,113.35,53.80047551292222
2025-10-21 21:42:08.729751,77.42,98.8,148.5,108.76,57.7041513509846
2025-10-21 21:42:09.729751,56.63,38.18,86.03,61.28,52.003548748043734
2025-10-21 21:42:10.729750,85.27,37.71,66.26,130.86,52.861443138438986
2025-10-21 21:42:11.729750,80.09,95.71,150.22,73.41,57.06572046645398
2025-10-21 21:42:12.729749,77.7,78.42,68.52,48.06,56.52304055582282
2025-10-21 21:42:13.729749,16.42,82.3,70.51,106.08,57.35496955965761
2025-10-21 21:42:14.729748,34.67,53.36,105.15,144.59,53.925769279814844
2025-10-21 21:42:15.729748,43.62,95.27,162.13,68.91,56.7643161989101
2025-10-21 21:42:16.729747,34.06,49.47,287.29,29.88,49.26080297806248
2025-10-21 21:42:17.729747,60.39,87.2,125.95,130.43,57.04889404245424
2025-10-21 21:42:18.729747,69.91,44.9,149.37,35.02,51.35069828776357
2025-10-21 21:42:19.729746,49.33,59.28,292.67,51.06,50.375930911755454
2025-10-21 21:42:20.729746,51.31,46.59,124.64,123.56,52.67904011078072
2025-10-21 21:42:21.729745,58.92,96.1,117.37,26.15,57.342231768214496
2025-10-21 21:42:22.729745,57.81,36.05,252.04,81.64,48.88013205544528
2025-10-21 21:42:23.729744,23.35,41.31,269.33,68.35,49.02015055342997
2025-10-21 21:42:24.729744,89.56,78.24,194.41,65.67,54.32483755577431
2025-10-21 21:42:25.729743,36.18,46.15,103.57,22.32,52.22779083710171
2025-10-21 21:42:26.729743,54.19,96.9,240.63,17.14,55.0889258847749
2025-10-21 21:42:27.729742,21.72,25.9,102.48,141.87,51.01882192090236
2025-10-21 21:42:28.729742,35.15,25.78,124.01,10.35,49.5809440489443
2025-10-21 21:42:29.729742,29.52,75.94,215.63,22.42,53.35018533025141
2025-10-21 21:42:30.729741,50.86,65.4,239.49,64.74,52.11568297125792
2025-10-21 21:42:31.729741,42.8,52.69,120.92,71.44,52.99172065620268
2025-10-21 21:42:32.729740,72.59,41.12,76.99,129.32,53.01638051546108
2025-10-21 21:42:33.729740,77.54,41.22,186.53,31.03,50.242336911600475
2025-10-21 21:42:34.729739,94.0,85.53,261.24,79.9,53.985421685338956
2025-10-21 21:42:35.729739,70.58,46.59,170.27,135.42,51.93209950830271
2025-10-21 21:42:36.729738,83.68,25.72,197.72,103.11,48.94369786634425
2025-10-21 21:42:37.729738,74.48,74.72,248.97,80.14,53.05777533519154
2025-10-21 21:42:38.729737,78.74,82.77,58.36,66.78,57.32136252274698
2025-10-21 21:42:39.729737,12.23,59.57,95.9,37.56,53.922428967336344
2025-10-21 21:42:40.729737,63.69,60.71,232.48,32.65,51.49240914012272
2025-10-21 21:42:41.729736,26.88,20.82,159.75,53.9,48.733804904688085
2025-10-21 21:42:42.729736,16.26,66.72,172.56,20.37,53.141362186766855
2025-10-21 21:42:43.729735,20.91,47.45,126.16,120.54,52.719356414712365
2025-10-21 21:42:44.729735,86.54,20.3,142.29,67.05,49.10241021458894
2025-10-21 21:42:45.729734,35.03,47.07,256.18,67.99,49.874934307057956
2025-10-21 21:42:46.729734,34.01,82.43,82.84,135.67,57.373431070624356
2025-10-21 21:42:47.729733,22.94,49.05,65.67,39.54,53.369901570767865
2025-10-21 21:42:48.729733,86.58,59.65,113.48,134.11,54.362740174659976
2025-10-21 21:42:49.729732,16.13,20.53,154.0,135.89,49.45000995164034
2025-10-21 21:42:50.729732,36.32,25.99,98.25,105.86,50.82458898506672
2025-10-21 21:42:51.729732,57.6,62.81,179.04,43.44,52.78469825639431
2025-10-21 21:42:52.729731,19.04,76.28,272.55,98.59,52.934893114480325
2025-10-21 21:42:53.729731,67.88,26.54,93.87,120.74,51.080376429945176
2025-10-21 21:42:54.729730,45.61,83.23,116.6,43.04,56.11303784296909
2025-10-21 21:42:55.729730,70.49,33.56,206.82,26.57,49.015388349854746
2025-10-21 21:42:56.729729,20.27,53.96,73.23,93.97,54.181325630802505
2025-10-21 21:42:57.729729,47.05,43.27,246.81,35.57,49.387628808944164
2025-10-21 21:42:58.729728,17.57,35.49,218.67,108.86,49.64731559036372
2025-10-21 21:42:59.729728,60.67,24.51,242.68,113.97,48.071944891675976
2025-10-21 21:43:00.729727,62.59,22.74,202.27,107.17,48.573236083322286
2025-10-21 21:43:01.729727,45.57,75.22,288.22,30.53,52.00082080849522
2025-10-21 21:43:02.729727,73.17,38.18,175.68,51.15,50.27449760649676
2025-10-21 21:43:03.729726,22.83,45.98,204.97,110.15,51.03065007529554
2025-10-21 21:43:04.729726,94.65,91.03,124.71,135.31,57.519221922648754
2025-10-21 21:43:05.729725,39.6,30.91,265.59,102.64,48.2457106098811
2025-10-21 21:43:06.729725,39.81,60.65,157.0,15.13,52.73798303244077
2025-10-21 21:43:07.729724,10.54,21.65,64.87,45.39,50.501994127974804
2025-10-21 21:43:08.729724,91.99,45.65,271.58,77.33,49.51283245278889
2025-10-21 21:43:09.729723,80.48,89.86,232.35,98.24,55.123317158876866
2025-10-21 21:43:10.729723,23.95,23.61,232.95,107.21,48.10193419962398
2025-10-21 21:43:11.729722,68.15,98.0,267.51,79.85,55.20238444907446
2025-10-21 21:43:12.729722,80.07,51.12,97.31,73.89,53.27758062148954
2025-10-21 21:43:13.729721,58.88,79.61,209.74,133.99,54.72358973314011
2025-10-21 21:43:14.729721,85.43,41.82,209.08,82.19,50.2916894184721
2025-10-21 21:43:15.729721,57.2,39.18,196.1,126.37,50.594012389563076
2025-10-21 21:43:16.729720,76.33,45.69,84.4,137.92,53.43571295751532
2025-10-21 21:43:17.729720,89.5,88.64,59.21,58.71,57.86995098086331
2025-10-21 21:43:18.729719,89.8,86.19,134.77,99.94,56.54012322395379
2025-10-21 21:43:19.729719,19.94,38.54,273.81,129.2,49.11767194808138
2025-10-21 21:43:20.729718,75.98,68.01,191.82,108.71,53.615851919550146
2025-10-21 21:43:21.729718,65.84,60.32,134.13,100.87,53.79430338261838
2025-10-21 21:43:22.729717,66.75,29.61,105.03,110.87,51.125899818589154
2025-10-21 21:43:23.729717,49.68,97.67,232.23,19.95,55.34778507202781
2025-10-21 21:43:24.729716,44.68,22.63,287.56,45.18,46.50697945102634
2025-10-21 21:43:25.729716,94.26,27.66,63.4,116.02,51.72388601789305
2025-10-21 21:43:26.729716,15.99,21.45,164.47,43.26,48.631042019003345
2025-10-21 21:43:27.729715,79.24,75.45,120.3,93.69,55.60967491518579
2025-10-21 21:43:28.729715,17.34,54.07,55.46,16.55,53.91446555852983
2025-10-21 21:43:29.729714,42.74,87.81,274.73,10.01,53.43411647634757
2025-10-21 21:43:30.729714,52.83,64.32,169.99,88.94,53.468558245879855
2025-10-21 21:43:31.729713,46.44,74.27,162.16,64.84,54.48753736277334
2025-10-21 21:43:32.729713,51.78,71.93,128.95,93.0,55.06889116099845
2025-10-21 21:43:33.729712,33.37,64.81,215.91,147.75,53.13592564419876
2025-10-21 21:43:34.729712,94.71,44.01,248.36,90.89,49.870944238892456
2025-10-21 21:43:35.729711,34.93,46.0,253.03,80.81,49.9188330684131
2025-10-21 21:43:36.729711,37.07,26.74,288.24,144.0,47.706763600388655
2025-10-21 21:43:37.729710,88.35,59.15,190.85,147.3,52.9886624259489
2025-10-21 21:43:38.729710,34.33,95.48,272.96,59.44,54.673101522025654
2025-10-21 21:43:39.729710,19.3,54.21,179.62,131.16,52.54110137770538
2025-10-21 21:43:40.729709,36.49,67.23,133.12,93.51,54.4938257479724
2025-10-21 21:43:41.729709,79.2,79.07,237.73,25.64,53.303194227320056
2025-10-21 21:43:42.729708,75.57,88.17,269.46,101.24,54.28323910629638
2025-10-21 21:43:43.729708,24.15,26.12,205.42,40.99,48.35880080038015
2025-10-21 21:43:44.729707,30.35,51.49,289.2,112.85,50.09059186951413
2025-10-21 21:43:45.729707,67.88,88.98,124.26,38.8,56.55343938600503
2025-10-21 21:43:46.729706,90.21,22.54,296.26,114.47,46.87929149875866
2025-10-21 21:43:47.729706,87.19,61.91,230.31,88.24,52.09545774904834
2025-10-21 21:43:48.729705,54.35,57.12,268.57,90.41,50.89640921180432
2025-10-21 21:43:49.729705,72.78,67.84,235.3,140.0,53.04230343721266
2025-10-21 21:43:50.729705,85.02,98.56,213.79,139.36,56.71635977371843
2025-10-21 21:43:51.729704,37.0,73.35,73.03,110.75,56.38858967074369
2025-10-21 21:43:52.729704,56.74,71.52,195.67,66.36,53.58884346677953
2025-10-21 21:43:53.729703,29.03,42.2,231.76,149.76,50.44350742460723
2025-10-21 21:43:54.729703,17.0,81.84,276.34,87.11,53.369570613597105
2025-10-21 21:43:55.729702,29.29,63.38,227.06,46.67,51.98718428052913
2025-10-21 21:43:56.729702,55.75,75.09,198.39,96.01,54.152277027422066
2025-10-21 21:43:57.729701,15.06,34.1,82.68,99.64,51.92922413857845
2025-10-21 21:43:58.729701,28.42,56.66,275.22,147.38,51.17052726953535
2025-10-21 21:43:59.729700,68.87,38.02,114.69,80.28,51.60765690989699
2025-10-21 21:44:00.729700,43.28,78.72,58.31,85.51,57.03595549319219
2025-10-21 21:44:01.729700,60.67,55.85,135.71,115.73,53.403738244433214
2025-10-21 21:44:02.729699,21.79,26.03,104.52,73.02,50.45658127246393
2025-10-21 21:44:03.729699,48.94,29.49,195.49,27.81,48.798607897313985
2025-10-21 21:44:04.729698,54.91,48.37,208.04,83.5,51.021111441516354
2025-10-21 21:44:05.729698,59.99,86.77,247.57,63.15,54.23848295200046
2025-10-21 21:44:06.729697,85.55,32.46,82.06,42.68,51.319776844361755
2025-10-21 21:44:07.729697,55.63,28.86,62.77,127.03,51.94985843962888
2025-10-21 21:44:08.729696,46.25,43.76,94.99,110.53,52.82029404117231
2025-10-21 21:44:09.729696,45.78,61.48,125.46,16.72,53.41955086960675
2025-10-21 21:44:10.729695,85.99,66.72,171.69,147.17,54.14929087419242
2025-10-21 21:44:11.729695,53.38,68.06,229.63,100.52,52.86131953766034
2025-10-21 21:44:12.729695,54.93,41.87,267.03,141.25,49.69260204068814
2025-10-21 21:44:13.729694,57.64,39.97,114.13,50.65,51.59458336090657
2025-10-21 21:44:14.729694,48.78,75.04,244.93,109.68,53.39740521991165
2025-10-21 21:44:15.729693,11.61,83.99,54.55,143.61,58.12288330248234
2025-10-21 21:44:16.729693,23.74,47.59,277.68,118.19,49.927549866765354
2025-10-21 21:44:17.729692,63.6,48.75,188.16,113.47,51.66201730157848
2025-10-21 21:44:18.729692,30.23,66.82,200.21,67.3,53.010332794292324
2025-10-21 21:44:19.729691,64.62,68.96,219.77,56.24,52.79256966692873
2025-10-21 21:44:20.729691,76.44,81.7,265.22,82.89,53.526234894574976
2025-10-21 21:44:21.729690,17.05,97.17,112.47,77.94,57.951899814095874
2025-10-21 21:44:22.729690,53.61,40.6,75.8,104.9,52.79167414548375
2025-10-21 21:44:23.729690,33.54,51.03,74.37,144.4,54.24169960502788
2025-10-21 21:44:24.729689,19.94,65.85,62.77,98.21,55.67773803637784
2025-10-21 21:44:25.729689,60.42,75.3,182.49,15.21,53.835250638464494
2025-10-21 21:44:26.729688,32.85,84.68,111.56,12.05,56.11833195740964
2025-10-21 21:44:27.729688,38.49,94.45,204.78,139.51,56.444083156284044
2025-10-21 21:44:28.729687,43.4,74.27,190.77,23.79,53.63991266318111
2025-10-21 21:44:29.729687,71.37,51.17,119.3,85.58,52.969695125641756
2025-10-21 21:44:30.729686,65.78,82.45,258.26,62.12,53.571997345806636
2025-10-21 21:44:31.729686,90.34,44.41,232.0,72.72,50.07262515495226
2025-10-21 21:44:32.729685,80.35,38.45,184.27,147.87,50.90188583222083
2025-10-21 21:44:33.729685,56.1,26.7,145.85,101.36,49.98929728975594
2025-10-21 21:44:34.729684,74.22,71.08,299.38,77.74,51.722290541730466
2025-10-21 21:44:35.729684,43.85,53.49,224.12,116.33,51.529217584786586
2025-10-21 21:44:36.729684,23.61,51.94,287.93,88.93,49.97493843725755
2025-10-21 21:44:37.729683,17.02,66.28,119.99,75.78,54.49522563626135
2025-10-21 21:44:38.729683,69.57,65.63,176.72,106.32,53.62067328895956
2025-10-21 21:44:39.729682,88.89,69.03,267.63,117.74,52.40039101014198
2025-10-21 21:44:40.729682,92.23,88.92,223.3,48.0,54.796386594874065
2025-10-21 21:44:41.729681,57.88,96.65,283.48,121.69,55.09151204935496
2025-10-21 21:44:42.729681,74.99,42.31,150.8,53.94,51.19557991953114
2025-10-21 21:44:43.729680,16.07,84.54,146.07,113.92,56.2651886037994
2025-10-21 21:44:44.729680,69.15,22.35,254.0,55.18,47.17287780376928
2025-10-21 21:44:45.729679,39.78,66.15,199.55,14.99,52.541666530163425
2025-10-21 21:44:46.729679,63.43,34.81,210.65,123.14,49.833938419420086
2025-10-21 21:44:47.729679,43.26,76.15,118.9,149.04,56.14323813483365
2025-10-21 21:44:48.729678,65.56,33.59,182.23,45.82,49.621705386289904
2025-10-21 21:44:49.729678,28.9,94.61,54.07,22.19,58.316903720180754
2025-10-21 21:44:50.729677,69.49,55.55,228.6,32.57,51.01170773828674
2025-10-21 21:44:51.729677,23.85,93.25,176.94,69.22,56.278307613659905
2025-10-21 21:44:52.729676,39.9,45.31,237.66,105.46,50.320768800768086
2025-10-21 21:44:53.729676,75.95,77.5,144.24,32.72,54.91125797448203
2025-10-21 21:44:54.729675,52.9,75.58,291.66,40.29,52.05234009886044
2025-10-21 21:44:55.729675,30.4,59.34,231.66,61.91,51.589971964637854
2025-10-21 21:44:56.729674,85.47,91.14,73.62,95.95,58.16327366576304
2025-10-21 21:44:57.729674,83.02,87.59,84.22,135.83,57.900765181785474
2025-10-21 21:44:58.729674,40.0,71.9,113.99,73.33,55.187117643917055
2025-10-21 21:44:59.729673,57.92,94.01,237.68,19.59,54.85350904305696
2025-10-21 21:45:00.729673,15.19,87.25,81.88,30.51,57.08360321292729
2025-10-21 21:45:01.729672,20.06,20.03,198.33,106.1,48.34773968393471
2025-10-21 21:45:02.729672,77.32,62.08,251.11,125.0,52.01841168569598
2025-10-21 21:45:03.729671,91.91,82.64,268.4,92.39,53.64249286917304
2025-10-21 21:45:04.729671,44.01,95.55,212.23,54.0,55.75562678539709
2025-10-21 21:45:05.729670,40.68,98.99,130.05,137.22,58.28662262095312
2025-10-21 21:45:06.729670,87.74,45.49,53.07,78.64,53.52716659534056
2025-10-21 21:45:07.729669,14.77,24.56,58.24,78.74,51.19589953764
2025-10-21 21:45:08.729669,67.38,29.39,214.27,142.57,49.34004953798454
2025-10-21 21:45:09.729668,77.52,35.2,267.42,102.48,48.669278412652226
2025-10-21 21:45:10.729668,16.28,79.45,204.5,76.16,54.35053337139678
2025-10-21 21:45:11.729668,52.75,78.36,70.83,100.53,56.88457468758487
2025-10-21 21:45:12.729667,89.98,74.76,160.19,120.93,55.01493506802542
2025-10-21 21:45:13.729667,59.13,92.3,85.82,80.68,57.94328314407444
2025-10-21 21:45:14.729666,10.75,20.21,180.75,77.43,48.46622097984502
2025-10-21 21:45:15.729666,78.17,32.25,299.15,32.92,47.22592882149828
2025-10-21 21:45:16.729665,29.0,71.31,278.84,128.71,52.523587564329766
2025-10-21 21:45:17.729665,13.48,23.64,190.26,109.41,48.90796411866937
2025-10-21 21:45:18.729664,93.93,25.66,80.56,12.68,50.385945669024466
2025-10-21 21:45:19.729664,62.76,54.61,90.02,112.73,54.088566340086
2025-10-21 21:45:20.729663,21.87,43.19,77.14,90.24,52.92914157546094
2025-10-21 21:45:21.729663,65.72,79.1,167.71,35.9,54.675222462146
2025-10-21 21:45:22.729663,29.05,39.24,221.13,126.01,50.136987739533836
2025-10-21 21:45:23.729662,13.99,77.43,178.15,103.2,54.83108303452844
2025-10-21 21:45:24.729662,53.53,21.65,204.07,89.81,48.28781461408428
2025-10-21 21:45:25.729661,10.24,37.79,291.24,139.97,48.80100563305142
2025-10-21 21:45:26.729661,52.74,28.19,282.17,47.14,47.21573134302352
2025-10-21 21:45:27.729660,78.64,34.65,288.62,138.02,48.49837709476104
2025-10-21 21:45:28.729660,92.36,47.54,104.35,31.77,52.43591833079289
2025-10-21 21:45:29.729659,80.05,88.11,236.96,136.64,55.151839741966555
2025-10-21 21:45:30.729659,60.03,81.88,82.46,20.6,56.421484494192114
2025-10-21 21:45:31.729658,20.71,21.83,122.89,149.5,50.26792499953161
2025-10-21 21:45:32.729658,64.83,56.58,146.05,110.48,53.25040377606527
2025-10-21 21:45:33.729658,76.67,35.75,242.65,23.03,48.562382842024746
2025-10-21 21:45:34.729657,88.28,50.97,97.33,64.04,53.18412763141775
2025-10-21 21:45:35.729657,32.51,56.04,135.27,98.78,53.299547073156674
2025-10-21 21:45:36.729656,15.59,38.19,245.16,139.49,49.68800005052604
2025-10-21 21:45:37.729656,57.54,92.97,92.73,140.17,58.35309915673096
2025-10-21 21:45:38.729655,94.82,45.07,65.6,29.13,52.86439042933969
2025-10-21 21:45:39.729655,24.11,47.41,120.39,32.53,52.13278952175484
2025-10-21 21:45:40.729654,84.38,30.59,156.71,148.39,50.573091125472466
2025-10-21 21:45:41.729654,71.86,78.48,197.16,76.65,54.38577336564089
